{
  "group": "skyblock_items_tweaks",
  "type": "minecraft:crafting_shaped",
  "pattern": [
    "012",
    "3 5",
    "678"
  ],
  "key": {
    "0": {
      "item": "minecraft:oak_log"
    },
    "1": {
      "item": "minecraft:oak_log"
    },
    "2": {
      "item": "minecraft:oak_log"
    },
    "3": {
      "item": "minecraft:oak_log"
    },
    "5": {
      "item": "minecraft:oak_log"
    },
    "6": {
      "item": "minecraft:oak_log"
    },
    "7": {
      "item": "minecraft:oak_log"
    },
    "8": {
      "item": "minecraft:oak_log"
    }
  },
  "result": {
    "item": "minecraft:chest",
    "count": 4
  }
}