{"stats":{"minecraft:dropped":{"minecraft:lava_bucket":1,"minecraft:water_bucket":1,"minecraft:stone_sword":1,"minecraft:torch":16,"minecraft:debug_stick":1,"minecraft:acacia_boat":1,"minecraft:stone_axe":1,"minecraft:cooked_porkchop":32,"minecraft:stone_pickaxe":1,"minecraft:chest":1,"minecraft:stone_shovel":1},"minecraft:used":{"minecraft:debug_stick":1,"minecraft:chest":1},"minecraft:custom":{"minecraft:jump":2,"minecraft:play_one_minute":10522,"minecraft:leave_game":5,"minecraft:walk_one_cm":251,"minecraft:time_since_death":10522,"minecraft:sneak_time":69,"minecraft:fly_one_cm":2094,"minecraft:drop":57,"minecraft:open_chest":3,"minecraft:time_since_rest":9540}},"DataVersion":1976}