{
  "minecraft:recipes/decorations/torch": {
    "criteria": {
      "has_stone_pickaxe": "2020-01-11 16:15:11 +0000"
    },
    "done": true
  },
  "apotheosis:spawner/root": {
    "criteria": {
      "game_start": "2020-01-11 16:15:11 +0000"
    },
    "done": true
  },
  "minecraft:story/lava_bucket": {
    "criteria": {
      "lava_bucket": "2020-01-20 18:54:20 +0000"
    },
    "done": true
  },
  "bluepower:root": {
    "criteria": {
      "root": "2020-01-11 16:15:01 +0000"
    },
    "done": true
  },
  "apotheosis:deadly/root": {
    "criteria": {
      "sword": "2020-01-11 16:15:11 +0000"
    },
    "done": true
  },
  "minecraft:story/upgrade_tools": {
    "criteria": {
      "stone_pickaxe": "2020-01-11 16:15:11 +0000"
    },
    "done": true
  },
  "minecraft:recipes/brewing/cauldron": {
    "criteria": {
      "has_water_bucket": "2020-01-20 18:54:20 +0000"
    },
    "done": true
  },
  "minecraft:adventure/adventuring_time": {
    "criteria": {
      "minecraft:plains": "2020-01-10 19:28:09 +0000"
    },
    "done": false
  },
  "DataVersion": 1976
}